,CX,CY,IMS_SWISSCOORDINATE_X,IMS_SWISSCOORDINATE_Y,GUILD,CNHA,BIOIDX,BIOIDX_TX,BIOIDX_TXG,iflor
0,487950,112250,487963,112208,3,48791122,8.0,8.227133587615686,8.227133587615686,1.0
1,489050,112850,489050,112850,3,48901128,10.0,10.206806730218688,10.206806730218688,1.0
2,490250,111250,490233,111263,3,49021112,10.0,10.454267175231372,5.227133587615686,1.2
4,490250,111350,490265,111375,3,49021113,36.0,37.13566793807843,12.378555979359476,4.2
9,490250,111550,490285,111599,3,49021115,24.0,24.68140076284706,12.34070038142353,3.0
12,490350,111350,490387,111353,3,49031113,8.0,8.227133587615686,8.227133587615686,1.0
13,490350,111450,490360,111485,3,49031114,18.0,18.68140076284706,9.34070038142353,2.2
16,490350,111550,490360,111510,3,49031115,24.0,24.68140076284706,12.34070038142353,3.0
19,490450,111250,490492,111290,3,49041112,8.0,8.227133587615686,8.227133587615686,1.0
20,490450,111350,490400,111350,3,49041113,8.0,8.227133587615686,8.227133587615686,1.0
21,490450,111450,490471,111453,3,49041114,10.0,10.454267175231372,5.227133587615686,1.2
23,490450,111550,490400,111500,3,49041115,14.0,14.454267175231372,7.227133587615686,2.0
25,490450,112550,490450,112550,3,49041125,10.0,10.227133587615686,10.227133587615686,1.0
27,490550,111350,490519,111379,3,49051113,8.0,8.227133587615686,8.227133587615686,1.0
28,490550,111450,490501,111403,3,49051114,8.0,8.227133587615686,8.227133587615686,1.0
29,490550,111550,490580,111509,3,49051115,18.0,18.454267175231372,9.227133587615686,2.0
31,490550,111650,490537,111661,3,49051116,28.0,28.68140076284706,14.34070038142353,3.0
34,490550,111750,490548,111741,3,49051117,8.0,8.227133587615686,8.227133587615686,1.0
35,490550,112650,490550,112650,3,49051126,10.0,10.227133587615686,10.227133587615686,1.0
36,490650,111550,490600,111595,3,49061115,8.0,8.227133587615686,8.227133587615686,1.0
37,490650,111650,490624,111603,3,49061116,18.0,18.454267175231372,9.227133587615686,2.0
39,490650,111750,490654,111706,3,49061117,34.0,34.908534350462745,17.454267175231372,4.0
43,490750,111550,490791,111500,3,49071115,8.0,8.227133587615686,8.227133587615686,1.0
44,490750,111650,490750,111650,3,49071116,10.0,10.227133587615686,10.227133587615686,1.0
45,490750,111750,490750,111750,3,49071117,10.0,10.227133587615686,10.227133587615686,1.0
46,490750,112450,490708,112411,3,49071124,8.0,8.227133587615686,8.227133587615686,1.0
47,490750,112550,490750,112550,3,49071125,10.0,10.227133587615686,10.227133587615686,1.0
48,490850,111250,490836,111251,3,49081112,18.0,18.454267175231372,9.227133587615686,2.0
50,490850,111350,490894,111361,3,49081113,24.0,24.68140076284706,12.34070038142353,3.0
53,490850,111450,490889,111469,3,49081114,14.0,14.454267175231372,7.227133587615686,2.0
55,490850,111550,490830,111555,3,49081115,20.0,20.68140076284706,6.893800254282353,2.2
58,490950,111350,490929,111389,3,49091113,24.0,24.68140076284706,12.34070038142353,3.0
61,490950,111650,490986,111616,3,49091116,6.0,6.454267175231372,6.454267175231372,0.4
63,490950,113350,490955,113355,3,49091133,8.0,8.200273306556069,8.200273306556069,1.0
64,491050,111350,491088,111384,3,49101113,8.0,8.227133587615686,8.227133587615686,1.0
65,491050,111450,491027,111485,3,49101114,8.0,8.227133587615686,8.227133587615686,1.0
66,491050,111550,491072,111522,3,49101115,8.0,8.227133587615686,8.227133587615686,1.0
67,491050,111650,491071,111692,3,49101116,8.0,8.227133587615686,8.227133587615686,1.0
68,491050,111750,491050,111750,3,49101117,6.0,6.227133587615686,6.227133587615686,1.0
69,491050,113250,491010,113298,3,49101132,8.0,8.200273306556069,8.200273306556069,1.0
70,491050,113350,491015,113395,3,49101133,12.0,12.400546613112137,6.200273306556069,1.2
72,491150,111150,491183,111190,3,49111111,8.0,8.227133587615686,8.227133587615686,1.0
73,491150,111250,491150,111250,3,49111112,10.0,10.227133587615686,10.227133587615686,1.0
74,491150,111350,491122,111369,3,49111113,8.0,8.227133587615686,8.227133587615686,1.0
75,491150,111450,491182,111417,3,49111114,8.0,8.227133587615686,8.227133587615686,1.0
76,491150,111650,491176,111618,3,49111116,8.0,8.227133587615686,8.227133587615686,1.0
77,491250,111450,491206,111456,3,49121114,8.0,8.227133587615686,8.227133587615686,1.0
78,491250,111650,491257,111673,3,49121116,34.0,34.908534350462745,17.454267175231372,4.0
82,491350,111450,491351,111428,3,49131114,18.0,18.454267175231372,9.227133587615686,2.0
84,491450,111350,491425,111367,3,49141113,8.0,8.227133587615686,8.227133587615686,1.0
85,491450,111650,491466,111692,3,49141116,18.0,18.454267175231372,9.227133587615686,2.0
87,491750,114650,491700,114600,3,49171146,10.0,10.400546613112137,5.200273306556069,1.2
89,491750,114750,491742,114765,3,49171147,10.0,10.400546613112137,5.200273306556069,1.2
91,491750,114850,491729,114848,3,49171148,8.0,8.200273306556069,8.200273306556069,1.0
92,492750,117350,492750,117350,3,49271173,10.0,10.200273306556069,10.200273306556069,1.0
93,492750,117550,492703,117508,3,49271175,18.0,18.400546613112137,9.200273306556069,2.0
95,493250,117650,493250,117650,3,49321176,10.0,10.200273306556069,10.200273306556069,1.0
96,493350,117750,493305,117732,3,49331177,18.0,18.400546613112137,9.200273306556069,2.0
98,493450,117650,493450,117650,3,49341176,10.0,10.200273306556069,10.200273306556069,1.0
99,494150,119350,494140,119314,3,49411193,8.0,8.200273306556069,8.200273306556069,1.0
100,494150,119450,494130,119462,3,49411194,8.0,8.200273306556069,8.200273306556069,1.0
101,494450,119550,494420,119585,3,49441195,8.0,8.200273306556069,8.200273306556069,1.0
102,494450,119650,494466,119632,3,49441196,8.0,8.200273306556069,8.200273306556069,1.0
103,496550,111250,496513,111216,3,49651112,16.0,16.47889596670098,16.47889596670098,2.0
105,496550,111350,496574,111357,3,49651113,16.0,16.47889596670098,16.47889596670098,2.0
107,496650,111250,496650,111202,3,49661112,16.0,16.47889596670098,16.47889596670098,2.0
109,496650,111350,496675,111340,3,49661113,16.0,16.47889596670098,16.47889596670098,2.0
111,513950,152650,513929,152673,3,51391526,8.0,8.224774916605016,8.224774916605016,1.0
112,514050,152450,514071,152464,3,51401524,8.0,8.224774916605016,8.224774916605016,1.0
113,514050,152550,514096,152505,3,51401525,24.0,24.67432474981505,24.67432474981505,3.0
116,514050,152650,514009,152665,3,51401526,16.0,16.449549833210032,16.449549833210032,2.0
118,514150,152450,514170,152430,3,51411524,16.0,16.449549833210032,16.449549833210032,2.0
120,514250,156150,514269,156114,3,51421561,8.0,8.224774916605016,8.224774916605016,1.0
122,514350,156350,514390,156390,3,51431563,8.0,8.224774916605016,8.224774916605016,1.0
123,514550,156350,514564,156389,3,51451563,24.0,24.67432474981505,24.67432474981505,3.0
126,517450,154250,517491,154263,3,51741542,22.0,22.67432474981505,11.337162374907525,3.0
129,517550,154250,517563,154223,3,51751542,24.0,24.674689852613717,24.674689852613717,3.0
132,517550,154350,517545,154372,3,51751543,24.0,24.674689852613717,24.674689852613717,3.0
135,517650,154150,517674,154199,3,51761541,28.0,29.124483087689534,9.708161029229844,3.4
140,517650,154250,517678,154220,3,51761542,26.0,26.899586470151625,13.449793235075813,3.2
144,521450,156050,521467,156072,3,52141560,8.0,8.270542137310738,8.270542137310738,1.0
145,521550,156050,521516,156019,3,52151560,8.0,8.270542137310738,8.270542137310738,1.0
146,526750,162450,526758,162442,3,52671624,8.0,8.213935385509995,8.213935385509995,1.0
147,526850,162550,526878,162550,3,52681625,22.0,22.641806156529984,11.320903078264992,3.0
150,526850,162650,526860,162600,3,52681626,16.0,16.42787077101999,16.42787077101999,2.0
152,526850,177150,526850,177150,3,52681771,16.0,16.51514932810415,16.51514932810415,2.0
154,526950,177250,526950,177250,3,52691772,16.0,16.51514932810415,16.51514932810415,2.0
157,527350,164650,527350,164650,3,52731646,6.0,6.26931199615617,6.26931199615617,1.0
158,527350,165250,527302,165261,3,52731652,8.0,8.269311996156171,8.269311996156171,1.0
159,527450,164550,527450,164550,3,52741645,6.0,6.213935385509994,6.213935385509994,1.0
160,527450,164650,527450,164650,3,52741646,6.0,6.26931199615617,6.26931199615617,1.0
161,527450,164750,527450,164750,3,52741647,6.0,6.26931199615617,6.26931199615617,1.0
162,528350,156250,528356,156281,3,52831562,8.0,8.228785827988988,8.228785827988988,1.0
163,528450,177450,528489,177443,3,52841774,8.0,8.190778895343637,8.190778895343637,1.0
164,528550,177250,528550,177250,3,52851772,10.0,10.257574664052076,10.257574664052076,1.0
165,528550,177350,528550,177330,3,52851773,18.0,18.572336686030912,9.286168343015456,2.2
168,528550,177450,528519,177459,3,52851774,16.0,16.381557790687275,16.381557790687275,2.0
170,529950,183050,529900,183075,3,52991830,8.0,8.224337041286143,8.224337041286143,1.0
173,530750,167650,530742,167682,3,53071676,8.0,8.213935385509995,8.213935385509995,1.0
174,531250,167350,531200,167310,3,53121673,8.0,8.213935385509995,8.213935385509995,1.0
175,532350,166450,532369,166433,3,53231664,8.0,8.213935385509995,8.213935385509995,1.0
176,532350,166550,532320,166570,3,53231665,16.0,16.42787077101999,16.42787077101999,2.0
178,532450,166550,532464,166518,3,53241665,8.0,8.213935385509995,8.213935385509995,1.0
179,534650,155850,534639,155884,3,53461558,16.0,16.414513236097847,16.414513236097847,2.0
181,534750,157050,534792,157096,3,53471570,8.0,8.30489773019227,8.30489773019227,1.0
182,534750,157150,534765,157175,3,53471571,8.0,8.30489773019227,8.30489773019227,1.0
183,534750,157250,534794,157269,3,53471572,24.0,24.91469319057681,24.91469319057681,3.0
186,534850,157050,534824,157088,3,53481570,8.0,8.30489773019227,8.30489773019227,1.0
187,534950,157250,534923,157275,3,53491572,8.0,8.30489773019227,8.30489773019227,1.0
188,537150,181050,537110,181044,3,53711810,8.0,8.257574664052076,8.257574664052076,1.0
189,541750,186450,541750,186450,3,54171864,10.0,10.224612563930854,10.224612563930854,1.0
190,543850,154350,543830,154331,3,54381543,8.0,8.207256618048923,8.207256618048923,1.0
191,543850,168550,543850,168586,3,54381685,8.0,8.241493322599657,8.241493322599657,1.0
192,543850,168650,543880,168665,3,54381686,16.0,16.482986645199315,16.482986645199315,2.0
194,543850,168750,543880,168700,3,54381687,8.0,8.241493322599657,8.241493322599657,1.0
195,544350,176450,544350,176450,3,54431764,6.0,6.235847667378414,6.235847667378414,1.0
196,554350,201050,554320,201070,3,55432010,18.0,18.683654094234072,9.341827047117036,2.2
199,554450,200950,554493,200999,3,55442009,16.0,16.455769396156047,16.455769396156047,2.0
201,554950,185150,554906,185169,3,55491851,8.0,8.269345739306164,8.269345739306164,1.0
202,554950,185250,554932,185256,3,55491852,8.0,8.269345739306164,8.269345739306164,1.0
203,555350,205850,555300,205850,3,55532058,8.0,8.261622987803129,8.261622987803129,1.0
204,555350,205950,555300,205900,3,55532059,8.0,8.261622987803129,8.261622987803129,1.0
205,555450,205850,555480,205878,3,55542058,8.0,8.261622987803129,8.261622987803129,1.0
206,555750,204550,555775,204599,3,55572045,8.0,8.197151935553707,8.197151935553707,1.0
207,556150,205750,556135,205710,3,55612057,8.0,8.261622987803129,8.261622987803129,1.0
208,556150,205850,556111,205835,3,55612058,8.0,8.261622987803129,8.261622987803129,1.0
209,556250,205950,556200,205900,3,55622059,8.0,8.261622987803129,8.261622987803129,1.0
210,556350,205950,556323,205923,3,55632059,8.0,8.261622987803129,8.261622987803129,1.0
211,556450,205950,556470,205934,3,55642059,8.0,8.261622987803129,8.261622987803129,1.0
212,556550,205950,556572,205978,3,55652059,8.0,8.261622987803129,8.261622987803129,1.0
213,556750,206250,556769,206231,3,55672062,14.0,14.523245975606258,7.261622987803129,2.0
215,556850,207250,556895,207245,3,55682072,8.0,8.261622987803129,8.261622987803129,1.0
216,556950,207250,556915,207234,3,55692072,8.0,8.261622987803129,8.261622987803129,1.0
217,557050,207150,557075,207150,3,55702071,8.0,8.261622987803129,8.261622987803129,1.0
218,557050,207250,557000,207200,3,55702072,8.0,8.261622987803129,8.261622987803129,1.0
219,557350,179750,557337,179718,3,55731797,8.0,8.28943573397936,8.28943573397936,1.0
220,557450,179650,557471,179687,3,55741796,8.0,8.28943573397936,8.28943573397936,1.0
221,557450,181950,557450,181950,3,55741819,10.0,10.28943573397936,10.28943573397936,1.0
222,557650,181850,557682,181892,3,55761818,8.0,8.28943573397936,8.28943573397936,1.0
223,557750,181850,557737,181831,3,55771818,8.0,8.28943573397936,8.28943573397936,1.0
224,557750,181950,557707,181938,3,55771819,8.0,8.28943573397936,8.28943573397936,1.0
225,557750,182050,557765,182092,3,55771820,8.0,8.28943573397936,8.28943573397936,1.0
226,560050,138250,560025,138226,3,56001382,12.0,12.473642762961376,6.236821381480688,1.2
228,561250,134650,561264,134601,3,56121346,8.0,8.249922384352686,8.249922384352686,1.0
229,561250,134750,561228,134722,3,56121347,8.0,8.249922384352686,8.249922384352686,1.0
230,561350,122850,561350,122840,3,56131228,10.0,10.573075325277166,5.286537662638583,1.2
232,561750,128250,561750,128250,3,56171282,10.0,10.206807360115766,10.206807360115766,1.0
233,561750,128350,561750,128350,3,56171283,10.0,10.206807360115766,10.206807360115766,1.0
234,561850,128150,561850,128150,3,56181281,10.0,10.206807360115766,10.206807360115766,1.0
235,561850,128250,561850,128250,3,56181282,10.0,10.206807360115766,10.206807360115766,1.0
236,561950,128150,561950,128150,3,56191281,10.0,10.206807360115766,10.206807360115766,1.0
237,561950,128350,561900,128325,3,56191283,12.0,12.413614720231532,6.206807360115766,1.2
239,562050,128150,562050,128150,3,56201281,10.0,10.206807360115766,10.206807360115766,1.0
240,562050,128350,562050,128350,3,56201283,10.0,10.206807360115766,10.206807360115766,1.0
241,562150,128350,562150,128350,3,56211283,10.0,10.206807360115766,10.206807360115766,1.0
242,562150,128450,562150,128450,3,56211284,10.0,10.206807360115766,10.206807360115766,1.0
243,562450,192750,562414,192783,3,56241927,8.0,8.265241943253642,8.265241943253642,1.0
244,563950,126250,563962,126265,3,56391262,8.0,8.206807360115766,8.206807360115766,1.0
245,566250,210150,566200,210100,3,56622101,8.0,8.197151935553707,8.197151935553707,1.0
246,566250,210250,566272,210298,3,56622102,8.0,8.197151935553707,8.197151935553707,1.0
247,566350,210250,566398,210210,3,56632102,8.0,8.197151935553707,8.197151935553707,1.0
248,566450,210450,566408,210415,3,56642104,8.0,8.197151935553707,8.197151935553707,1.0
254,567350,209850,567380,209840,3,56732098,8.0,8.233759087260074,8.233759087260074,1.0
256,568750,176050,568763,176059,3,56871760,8.0,8.312442261552674,8.312442261552674,1.0
257,568850,176050,568826,176074,3,56881760,8.0,8.312442261552674,8.312442261552674,1.0
258,569050,174850,569050,174850,3,56901748,10.0,10.312442261552674,10.312442261552674,1.0
259,570050,175250,570050,175250,3,57001752,10.0,10.312442261552674,10.312442261552674,1.0
260,570050,175350,570090,175351,3,57001753,24.0,24.93732678465802,12.46866339232901,3.0
263,570150,175350,570105,175377,3,57011753,24.0,24.915441373519375,12.457720686759687,3.0
266,570150,175450,570163,175412,3,57011754,26.0,26.915441373519375,13.457720686759687,3.0
269,571150,189650,571100,189600,3,57111896,8.0,8.292885002059158,8.292885002059158,1.0
270,571150,189750,571100,189700,3,57111897,8.0,8.292885002059158,8.292885002059158,1.0
271,572250,155650,572220,155603,3,57221556,8.0,8.282248971953686,8.282248971953686,1.0
272,572450,154650,572478,154688,3,57241546,8.0,8.26253441806484,8.26253441806484,1.0
273,573150,175450,573120,175450,3,57311754,8.0,8.312442261552674,8.312442261552674,1.0
274,573350,175550,573300,175500,3,57331755,24.0,24.90819068004656,24.90819068004656,3.0
277,573350,175650,573300,175600,3,57331756,18.0,18.605460453364373,9.302730226682186,2.0
279,573350,175750,573350,175700,3,57331757,26.0,26.90819068004656,13.45409534002328,3.0
283,573450,175450,573433,175487,3,57341754,16.0,16.624884523105347,16.624884523105347,2.0
285,573450,175550,573437,175509,3,57341755,8.0,8.302730226682186,8.302730226682186,1.0
286,573450,175650,573400,175600,3,57341756,26.0,26.90819068004656,13.45409534002328,3.0
289,573450,175750,573460,175750,3,57341757,16.0,16.605460453364373,16.605460453364373,2.0
291,573650,177650,573625,177625,3,57361776,5.0,5.605460453364374,5.605460453364374,0.4
293,573750,177650,573700,177650,3,57371776,24.0,24.90819068004656,24.90819068004656,3.0
296,573850,177650,573875,177625,3,57381776,21.0,22.210920906728745,11.105460453364373,2.4
300,574250,192250,574210,192240,3,57421922,8.0,8.292885002059158,8.292885002059158,1.0
301,574250,192350,574247,192335,3,57421923,16.0,16.585770004118316,16.585770004118316,2.0
303,574350,192350,574300,192300,3,57431923,8.0,8.292885002059158,8.292885002059158,1.0
304,574450,164850,574430,164898,3,57441648,8.0,8.283341648179402,8.283341648179402,1.0
305,574450,164950,574420,164940,3,57441649,8.0,8.283341648179402,8.283341648179402,1.0
306,574450,192350,574493,192374,3,57441923,16.0,16.585770004118316,16.585770004118316,2.0
308,575050,177150,575010,177160,3,57501771,8.0,8.302730226682186,8.302730226682186,1.0
309,575250,180950,575250,180900,3,57521809,8.0,8.302730226682186,8.302730226682186,1.0
310,575850,179150,575851,179194,3,57581791,16.0,16.605460453364373,16.605460453364373,2.0
312,575850,179350,575845,179300,3,57581793,16.0,16.605460453364373,16.605460453364373,2.0
314,575850,179450,575840,179450,3,57581794,24.0,24.90819068004656,24.90819068004656,3.0
317,575950,170950,575950,170950,3,57591709,8.0,8.283341648179402,8.283341648179402,1.0
318,575950,179450,575900,179400,3,57591794,24.0,24.90819068004656,24.90819068004656,3.0
321,576050,170950,576030,170950,3,57601709,8.0,8.283341648179402,8.283341648179402,1.0
322,576450,181050,576480,181063,3,57641810,8.0,8.256059414238953,8.256059414238953,1.0
323,576450,205350,576450,205350,3,57642053,8.0,8.252556582850497,8.252556582850497,1.0
324,576550,181050,576545,181067,3,57651810,16.0,16.512118828477906,16.512118828477906,2.0
326,576550,205350,576518,205363,3,57652053,8.0,8.252556582850497,8.252556582850497,1.0
327,576550,205450,576548,205406,3,57652054,18.0,18.505113165700994,9.252556582850497,2.0
329,576650,181050,576601,181044,3,57661810,16.0,16.512118828477906,16.512118828477906,2.0
331,576650,205350,576600,205350,3,57662053,16.0,16.505113165700994,16.505113165700994,2.0
333,578350,185950,578383,185941,3,57831859,8.0,8.256059414238953,8.256059414238953,1.0
334,579350,186450,579300,186410,3,57931864,16.0,16.512118828477906,16.512118828477906,2.0
337,579550,206950,579586,206971,3,57952069,8.0,8.252556582850497,8.252556582850497,1.0
338,579650,206950,579600,206900,3,57962069,16.0,16.505113165700994,16.505113165700994,2.0
340,579650,207050,579632,207001,3,57962070,16.0,16.505113165700994,16.505113165700994,2.0
342,579750,206950,579704,206995,3,57972069,16.0,16.505113165700994,16.505113165700994,2.0
345,579850,206950,579830,206920,3,57982069,16.0,16.505113165700994,16.505113165700994,2.0
347,579950,206950,579900,206980,3,57992069,8.0,8.252556582850497,8.252556582850497,1.0
348,580050,208750,580090,208780,3,58002087,26.0,26.899569937737677,13.449784968868839,3.0
351,580050,208850,580050,208850,3,58002088,16.0,16.59971329182512,16.59971329182512,2.0
353,580150,208750,580113,208786,3,58012087,16.0,16.59971329182512,16.59971329182512,2.0
355,580150,208850,580188,208805,3,58012088,24.0,24.899569937737677,12.449784968868839,3.0
358,580250,208950,580250,208950,3,58022089,6.0,6.29985664591256,6.29985664591256,1.0
359,581850,194850,581844,194898,3,58181948,8.0,8.335267371154305,8.335267371154305,1.0
360,583550,181950,583500,181900,3,58351819,8.0,8.33317691224777,8.33317691224777,1.0
361,587750,233650,587780,233670,3,58772336,8.0,8.238364662178036,8.238364662178036,1.0
362,587750,233750,587750,233750,3,58772337,16.0,16.47672932435607,16.47672932435607,2.0
364,587850,233750,587805,233735,3,58782337,16.0,16.47672932435607,16.47672932435607,2.0
366,588650,225650,588617,225658,3,58862256,8.0,8.263772566033323,8.263772566033323,1.0
367,589250,217650,589248,217687,3,58922176,8.0,8.393653044868433,8.393653044868433,1.0
368,589950,214550,589927,214596,3,58992145,8.0,8.338359034076245,8.338359034076245,1.0
369,590250,184150,590265,184180,3,59021841,8.0,8.359372546932585,8.359372546932585,1.0
370,590350,214650,590335,214670,3,59032146,8.0,8.338359034076245,8.338359034076245,1.0
371,590350,214750,590320,214700,3,59032147,16.0,16.67671806815249,16.67671806815249,2.0
373,590450,214750,590400,214750,3,59042147,16.0,16.67671806815249,16.67671806815249,2.0
375,590450,214850,590450,214880,3,59042148,16.0,16.67671806815249,16.67671806815249,2.0
377,590550,214850,590500,214830,3,59052148,8.0,8.338359034076245,8.338359034076245,1.0
378,590550,215050,590500,215000,3,59052150,16.0,16.67671806815249,16.67671806815249,2.0
380,590550,215250,590500,215200,3,59052152,16.0,16.67671806815249,16.67671806815249,2.0
382,590650,214950,590600,214940,3,59062149,16.0,16.67671806815249,16.67671806815249,2.0
384,590650,215050,590660,215000,3,59062150,8.0,8.338359034076245,8.338359034076245,1.0
385,590650,215150,590600,215100,3,59062151,8.0,8.338359034076245,8.338359034076245,1.0
386,590750,214950,590725,214953,3,59072149,8.0,8.338359034076245,8.338359034076245,1.0
387,590750,215050,590790,215080,3,59072150,16.0,16.67671806815249,16.67671806815249,2.0
389,590750,215150,590700,215155,3,59072151,16.0,16.67671806815249,16.67671806815249,2.0
391,590850,215050,590800,215030,3,59082150,16.0,16.67671806815249,16.67671806815249,2.0
393,590850,215250,590850,215250,3,59082152,8.0,8.300708652781365,8.300708652781365,1.0
394,590850,215350,590812,215380,3,59082153,8.0,8.300708652781365,8.300708652781365,1.0
395,590950,215050,590930,215035,3,59092150,16.0,16.67671806815249,16.67671806815249,2.0
397,591350,223450,591350,223450,3,59132234,10.0,10.29054754878616,10.29054754878616,1.0
398,591450,223250,591400,223200,3,59142232,8.0,8.29054754878616,8.29054754878616,1.0
399,591450,223550,591450,223550,3,59142235,10.0,10.29054754878616,10.29054754878616,1.0
400,591550,223250,591542,223247,3,59152232,22.0,22.87164264635848,7.623880882119494,2.2
403,591550,223350,591567,223374,3,59152233,16.0,16.58109509757232,16.58109509757232,2.0
405,591550,223450,591557,223419,3,59152234,24.0,24.87164264635848,24.87164264635848,3.0
408,591650,223450,591600,223470,3,59162234,8.0,8.29054754878616,8.29054754878616,1.0
409,592150,223950,592195,223995,3,59212239,16.0,16.502541769094627,16.502541769094627,2.0
411,592550,215050,592500,215000,3,59252150,8.0,8.338359034076245,8.338359034076245,1.0
412,593550,195950,593500,195950,3,59351959,16.0,16.52168665974753,16.52168665974753,2.0
414,593750,195950,593750,195950,3,59371959,16.0,16.52168665974753,16.52168665974753,2.0
416,593750,226650,593740,226685,3,59372266,8.0,8.251270884547313,8.251270884547313,1.0
417,593850,226750,593800,226700,3,59382267,8.0,8.251270884547313,8.251270884547313,1.0
418,595450,207850,595410,207800,3,59542078,8.0,8.338359034076245,8.338359034076245,1.0
419,595450,207950,595469,207981,3,59542079,8.0,8.338359034076245,8.338359034076245,1.0
420,595550,207850,595501,207872,3,59552078,8.0,8.338359034076245,8.338359034076245,1.0
421,597850,213150,597810,213185,3,59782131,8.0,8.34543401039644,8.34543401039644,1.0
422,598750,250050,598750,250060,3,59872500,24.0,24.651353867809227,24.651353867809227,3.0
425,599450,223350,599421,223348,3,59942233,16.0,16.527545132066646,16.527545132066646,2.0
427,599950,223650,599958,223649,3,59992236,16.0,16.527545132066646,16.527545132066646,2.0
429,600050,223650,600035,223651,3,60002236,8.0,8.263772566033323,8.263772566033323,1.0
430,600050,223750,600040,223770,3,60002237,16.0,16.527545132066646,16.527545132066646,2.0
432,600150,223650,600150,223650,3,60012236,10.0,10.263772566033323,10.263772566033323,1.0
433,600150,223750,600169,223790,3,60012237,26.0,26.791317698099967,13.395658849049983,3.0
436,600250,223750,600250,223750,3,60022237,10.0,10.263772566033323,10.263772566033323,1.0
438,601750,209250,601779,209228,3,60172092,8.0,8.29100114174464,8.29100114174464,1.0
439,602450,123650,602450,123650,3,60241236,6.0,6.244150980119112,6.244150980119112,1.0
440,602850,231650,602850,231670,3,60282316,11.0,11.603024376838185,5.8015121884190926,1.2
442,603350,183750,603364,183768,3,60331837,8.0,8.271744850057416,8.271744850057416,1.0
443,604050,199750,604005,199712,3,60401997,8.0,8.224767050847383,8.224767050847383,1.0
444,604050,223750,604050,223750,3,60402237,10.0,10.333092746300974,10.333092746300974,1.0
445,604050,252950,604069,252989,3,60402529,8.0,8.229004042207947,8.229004042207947,1.0
446,604150,199450,604173,199438,3,60411994,8.0,8.224767050847383,8.224767050847383,1.0
447,604150,199750,604178,199778,3,60411997,8.0,8.224767050847383,8.224767050847383,1.0
448,604150,199850,604150,199825,3,60411998,8.0,8.224767050847383,8.224767050847383,1.0
449,604150,223750,604194,223775,3,60412237,18.0,18.666185492601947,9.333092746300974,2.0
451,604250,199850,604250,199850,3,60421998,8.0,8.224767050847383,8.224767050847383,1.0
452,604250,223750,604200,223775,3,60422237,8.0,8.333092746300974,8.333092746300974,1.0
453,604250,223850,604225,223877,3,60422238,8.0,8.333092746300974,8.333092746300974,1.0
454,605050,250950,605050,250900,3,60502509,24.0,24.68701212662384,24.68701212662384,3.0
457,605150,250750,605135,250740,3,60512507,16.0,16.458008084415894,16.458008084415894,2.0
459,605150,250950,605139,250964,3,60512509,16.0,16.458008084415894,16.458008084415894,2.0
461,606450,208150,606450,208150,3,60642081,8.0,8.29100114174464,8.29100114174464,1.0
462,606550,208150,606550,208150,3,60652081,10.0,10.29100114174464,10.29100114174464,1.0
463,606550,208250,606550,208250,3,60652082,10.0,10.29100114174464,10.29100114174464,1.0
464,606650,208250,606650,208250,3,60662082,10.0,10.29100114174464,10.29100114174464,1.0
465,606850,124450,606865,124429,3,60681244,8.0,8.380240068356423,8.380240068356423,1.0
466,607350,195050,607350,195050,3,60731950,20.0,20.572179107138094,20.572179107138094,2.0
468,607350,195150,607350,195150,3,60731951,10.0,10.286089553569047,10.286089553569047,1.0
469,607450,195050,607450,195050,3,60741950,10.0,10.286089553569047,10.286089553569047,1.0
470,607450,195150,607450,195150,3,60741951,10.0,10.286089553569047,10.286089553569047,1.0
471,607550,194950,607550,194900,3,60751949,8.0,8.286089553569047,8.286089553569047,1.0
472,607550,195350,607575,195375,3,60751953,8.0,8.286089553569047,8.286089553569047,1.0
473,607550,210750,607590,210780,3,60752107,8.0,8.33252318087539,8.33252318087539,1.0
474,607550,210950,607550,210950,3,60752109,10.0,10.33252318087539,10.33252318087539,1.0
475,607650,195050,607620,195095,3,60761950,8.0,8.286089553569047,8.286089553569047,1.0
476,607650,195250,607621,195270,3,60761952,8.0,8.286089553569047,8.286089553569047,1.0
477,607750,230050,607731,230086,3,60772300,8.0,8.301512188419093,8.301512188419093,1.0
478,607750,230150,607760,230195,3,60772301,8.0,8.301512188419093,8.301512188419093,1.0
479,607750,230250,607730,230200,3,60772302,8.0,8.301512188419093,8.301512188419093,1.0
480,607850,230150,607889,230164,3,60782301,8.0,8.301512188419093,8.301512188419093,1.0
481,608350,263250,608375,263293,3,60832632,8.0,8.223011201397147,8.223011201397147,1.0
482,608350,263350,608340,263300,3,60832633,24.0,24.66903360419144,24.66903360419144,3.0
485,608450,263250,608400,263250,3,60842632,16.0,16.446022402794295,16.446022402794295,2.0
487,608450,263450,608421,263478,3,60842634,8.0,8.223011201397147,8.223011201397147,1.0
488,609050,185350,609068,185377,3,60901853,8.0,8.299397553272984,8.299397553272984,1.0
489,609050,185650,609050,185600,3,60901856,8.0,8.299397553272984,8.299397553272984,1.0
490,609050,186450,609050,186480,3,60901864,16.0,16.598795106545968,16.598795106545968,2.0
492,609250,185250,609270,185250,3,60921852,8.0,8.299397553272984,8.299397553272984,1.0
493,609250,185450,609230,185430,3,60921854,8.0,8.299397553272984,8.299397553272984,1.0
494,609250,185550,609250,185500,3,60921855,8.0,8.299397553272984,8.299397553272984,1.0
495,609350,185550,609386,185530,3,60931855,8.0,8.299397553272984,8.299397553272984,1.0
496,609450,185150,609400,185100,3,60941851,16.0,16.598795106545968,16.598795106545968,2.0
498,609450,185250,609400,185200,3,60941852,8.0,8.299397553272984,8.299397553272984,1.0
499,609550,184150,609500,184100,3,60951841,16.0,16.598795106545968,16.598795106545968,2.0
501,609550,184250,609500,184240,3,60951842,8.0,8.299397553272984,8.299397553272984,1.0
502,609550,184350,609565,184340,3,60951843,8.0,8.299397553272984,8.299397553272984,1.0
503,610350,127850,610364,127861,3,61031278,6.0,6.480394739936401,6.480394739936401,0.4
505,611150,183650,611185,183655,3,61111836,8.0,8.299397553272984,8.299397553272984,1.0
506,611250,183550,611276,183595,3,61121835,8.0,8.299397553272984,8.299397553272984,1.0
507,611250,183650,611240,183655,3,61121836,8.0,8.299397553272984,8.299397553272984,1.0
508,611350,183550,611385,183585,3,61131835,8.0,8.299397553272984,8.299397553272984,1.0
509,611550,185950,611550,185900,3,61151859,16.0,16.695841440490717,16.695841440490717,2.0
514,613550,231650,613500,231650,3,61352316,24.0,24.990836484887865,24.990836484887865,3.0
517,613550,231750,613535,231761,3,61352317,16.0,16.66055765659191,16.66055765659191,2.0
519,613550,231850,613545,231880,3,61352318,18.0,18.66055765659191,9.330278828295954,2.0
521,613650,231650,613670,231670,3,61362316,8.0,8.330278828295954,8.330278828295954,1.0
522,613650,231750,613650,231750,3,61362317,10.0,10.330278828295954,10.330278828295954,1.0
523,613650,231850,613650,231850,3,61362318,10.0,10.330278828295954,10.330278828295954,1.0
524,613750,231750,613750,231700,3,61372317,26.0,26.990836484887865,13.495418242443932,3.0
528,614650,171050,614697,171095,3,61461710,8.0,8.295667626878897,8.295667626878897,1.0
529,614850,229550,614883,229524,3,61482295,8.0,8.330278828295954,8.330278828295954,1.0
530,614950,229450,614956,229440,3,61492294,8.0,8.330278828295954,8.330278828295954,1.0
531,614950,229550,614950,229550,3,61492295,10.0,10.330278828295954,10.330278828295954,1.0
532,614950,229650,614950,229650,3,61492296,10.0,10.330278828295954,10.330278828295954,1.0
533,615150,171950,615182,171988,3,61511719,8.0,8.295667626878897,8.295667626878897,1.0
534,615250,210450,615277,210471,3,61522104,8.0,8.411614311325902,8.411614311325902,1.0
535,615350,210550,615330,210590,3,61532105,24.0,25.234842933977706,25.234842933977706,3.0
538,615550,210750,615520,210700,3,61552107,24.0,25.234842933977706,25.234842933977706,3.0
541,616150,206650,616150,206650,3,61612066,10.0,10.329285905603202,10.329285905603202,1.0
542,616150,206750,616150,206750,3,61612067,10.0,10.329285905603202,10.329285905603202,1.0
543,616250,206450,616214,206461,3,61622064,8.0,8.359463282355057,8.359463282355057,1.0
544,616250,206650,616250,206650,3,61622066,10.0,10.329285905603202,10.329285905603202,1.0
545,616350,170450,616360,170460,3,61631704,8.0,8.295667626878897,8.295667626878897,1.0
546,616350,206450,616360,206460,3,61632064,8.0,8.359463282355057,8.359463282355057,1.0
547,616350,206550,616350,206550,3,61632065,10.0,10.359463282355057,10.359463282355057,1.0
548,616350,206650,616350,206650,3,61632066,10.0,10.329285905603202,10.329285905603202,1.0
549,616450,206550,616442,206527,3,61642065,8.0,8.359463282355057,8.359463282355057,1.0
550,616550,206550,616500,206500,3,61652065,8.0,8.359463282355057,8.359463282355057,1.0
551,616850,252150,616894,252168,3,61682521,8.0,8.217923751258143,8.217923751258143,1.0
552,616850,264050,616886,264057,3,61682640,8.0,8.223011201397147,8.223011201397147,1.0
553,616950,252150,616941,252184,3,61692521,16.0,16.435847502516285,16.435847502516285,2.0
555,616950,263750,616988,263764,3,61692637,8.0,8.223011201397147,8.223011201397147,1.0
556,616950,264050,616924,264013,3,61692640,8.0,8.223011201397147,8.223011201397147,1.0
557,617050,263750,617038,263786,3,61702637,8.0,8.223011201397147,8.223011201397147,1.0
558,617050,263850,617002,263819,3,61702638,10.0,10.446022402794295,5.2230112013971475,1.2
560,617150,263650,617125,263625,3,61712636,10.0,10.446022402794295,5.2230112013971475,1.2
562,617150,263750,617197,263792,3,61712637,8.0,8.223011201397147,8.223011201397147,1.0
563,617150,263850,617110,263820,3,61712638,8.0,8.223011201397147,8.223011201397147,1.0
564,617150,263950,617117,263906,3,61712639,8.0,8.223011201397147,8.223011201397147,1.0
565,617250,263650,617252,263692,3,61722636,8.0,8.223011201397147,8.223011201397147,1.0
566,617250,263750,617204,263791,3,61722637,8.0,8.223011201397147,8.223011201397147,1.0
567,617350,263650,617375,263625,3,61732636,5.0,5.446022402794293,5.446022402794293,0.4
569,617450,200050,617485,200095,3,61742000,8.0,8.398028856907649,8.398028856907649,1.0
570,617450,200150,617450,200175,3,61742001,8.0,8.398028856907649,8.398028856907649,1.0
571,617450,200250,617472,200200,3,61742002,8.0,8.398028856907649,8.398028856907649,1.0
572,618150,128050,618150,128050,3,61811280,6.0,6.242331416741851,6.242331416741851,1.0
573,618350,128050,618350,128050,3,61831280,6.0,6.242331416741851,6.242331416741851,1.0
574,618450,128050,618450,128050,3,61841280,6.0,6.242331416741851,6.242331416741851,1.0
575,618850,232050,618865,232045,3,61882320,26.0,27.097453646477135,13.548726823238567,3.0
578,618850,232150,618801,232199,3,61882321,18.0,18.73163576431809,9.365817882159044,2.0
580,618950,232050,618936,232038,3,61892320,16.0,16.73163576431809,16.73163576431809,2.0
582,618950,232150,618910,232199,3,61892321,18.0,18.73163576431809,9.365817882159044,2.0
584,619050,229450,619050,229450,3,61902294,20.0,20.73163576431809,20.73163576431809,2.0
586,619050,231950,619015,231995,3,61902319,16.0,16.73163576431809,16.73163576431809,2.0
588,619050,232050,619094,232025,3,61902320,8.0,8.365817882159044,8.365817882159044,1.0
589,619050,232150,619083,232172,3,61902321,8.0,8.365817882159044,8.365817882159044,1.0
590,619150,231950,619174,231905,3,61912319,14.0,14.731635764318089,7.365817882159044,2.0
592,619150,232050,619150,232050,3,61912320,6.0,6.365817882159044,6.365817882159044,1.0
593,620050,230750,620050,230750,3,62002307,10.0,10.365817882159044,10.365817882159044,1.0
594,620150,233550,620150,233550,3,62012335,10.0,10.33804482999181,10.33804482999181,1.0
595,620250,241650,620270,241640,3,62022416,8.0,8.223300286479454,8.223300286479454,1.0
596,620350,241250,620372,241251,3,62032412,8.0,8.223300286479454,8.223300286479454,1.0
597,620350,241550,620367,241518,3,62032415,8.0,8.223300286479454,8.223300286479454,1.0
598,620550,230150,620584,230167,3,62052301,8.0,8.365817882159044,8.365817882159044,1.0
599,620550,230250,620570,230200,3,62052302,16.0,16.73163576431809,16.73163576431809,2.0
601,620750,233650,620700,233600,3,62072336,8.0,8.33804482999181,8.33804482999181,1.0
602,620850,233550,620850,233550,3,62082335,10.0,10.33804482999181,10.33804482999181,1.0
603,620850,233750,620850,233750,3,62082337,10.0,10.33804482999181,10.33804482999181,1.0
604,621050,233550,621000,233500,3,62102335,16.0,16.67608965998362,16.67608965998362,2.0
606,621150,182250,621170,182215,3,62111822,8.0,8.34161718916201,8.34161718916201,1.0
607,622250,235150,622250,235150,3,62222351,10.0,10.33804482999181,10.33804482999181,1.0
608,622450,235050,622450,235050,3,62242350,10.0,10.33804482999181,10.33804482999181,1.0
609,622450,235150,622450,235150,3,62242351,10.0,10.33804482999181,10.33804482999181,1.0
610,622550,234850,622550,234850,3,62252348,10.0,10.33804482999181,10.33804482999181,1.0
611,622550,234950,622550,234950,3,62252349,10.0,10.33804482999181,10.33804482999181,1.0
612,622850,209550,622800,209500,3,62282095,8.0,8.358330139038923,8.358330139038923,1.0
613,623350,231850,623310,231890,3,62332318,16.0,16.59646277952195,16.59646277952195,2.0
615,623550,231950,623573,231985,3,62352319,24.0,24.894694169282925,24.894694169282925,3.0
618,623550,232050,623500,232000,3,62352320,24.0,24.894694169282925,24.894694169282925,3.0
621,623650,231950,623625,231980,3,62362319,34.0,35.1929255590439,17.59646277952195,4.0
625,623650,232050,623690,232010,3,62362320,34.0,35.1929255590439,17.59646277952195,4.0
629,623650,232150,623680,232121,3,62362321,44.0,45.49115694880487,22.745578474402436,5.0
634,623750,231950,623740,231950,3,62372319,16.0,16.59646277952195,16.59646277952195,2.0
636,623750,232050,623702,232042,3,62372320,16.0,16.59646277952195,16.59646277952195,2.0
638,623750,232150,623770,232170,3,62372321,34.0,35.1929255590439,17.59646277952195,4.0
642,624050,265750,624050,265750,3,62402657,10.0,10.362479790008896,10.362479790008896,1.0
643,624150,265750,624190,265710,3,62412657,16.0,16.724959580017792,16.724959580017792,2.0
645,626950,194050,626950,194075,3,62691940,8.0,8.327393342348872,8.327393342348872,1.0
647,628050,167250,628025,167265,3,62801672,8.0,8.260307793238884,8.260307793238884,1.0
648,628150,237450,628171,237433,3,62812374,8.0,8.323475680643053,8.323475680643053,1.0
649,628250,237450,628209,237499,3,62822374,8.0,8.323475680643053,8.323475680643053,1.0
650,628250,237550,628200,237500,3,62822375,8.0,8.323475680643053,8.323475680643053,1.0
651,628750,268650,628750,268660,3,62872686,8.0,8.34429532004047,8.34429532004047,1.0
652,629050,233750,629000,233750,3,62902337,8.0,8.31350187585266,8.31350187585266,1.0
653,629150,245150,629117,245121,3,62912451,8.0,8.252144496470601,8.252144496470601,1.0
654,629250,233950,629250,233900,3,62922339,24.0,24.940505627557982,24.940505627557982,3.0
657,629450,238150,629400,238100,3,62942381,16.0,16.646951361286106,16.646951361286106,2.0
659,630550,238350,630550,238350,3,63052383,10.0,10.323475680643053,10.323475680643053,1.0
660,630550,238450,630550,238450,3,63052384,10.0,10.323475680643053,10.323475680643053,1.0
661,630550,239150,630575,239150,3,63052391,16.0,16.646951361286106,16.646951361286106,2.0
663,630950,238350,630920,238380,3,63092383,8.0,8.323475680643053,8.323475680643053,1.0
664,630950,238850,630960,238840,3,63092388,8.0,8.323475680643053,8.323475680643053,1.0
665,630950,238950,630950,238950,3,63092389,16.0,16.646951361286106,16.646951361286106,2.0
667,631550,228550,631556,228561,3,63152285,16.0,16.61991534535118,16.61991534535118,2.0
669,631550,228650,631553,228653,3,63152286,8.0,8.30995767267559,8.30995767267559,1.0
670,631650,228550,631619,228534,3,63162285,8.0,8.30995767267559,8.30995767267559,1.0
671,631650,228650,631600,228600,3,63162286,27.0,28.239830690702362,14.119915345351181,3.2
675,632550,238850,632550,238870,3,63252388,16.0,16.646951361286106,16.646951361286106,2.0
677,633850,242350,633880,242330,3,63382423,8.0,8.33804482999181,8.33804482999181,1.0
678,633850,267450,633850,267450,3,63382674,10.0,10.377133160371024,10.377133160371024,1.0
679,633950,242350,633925,242303,3,63392423,16.0,16.67608965998362,16.67608965998362,2.0
681,633950,242450,633991,242492,3,63392424,16.0,16.67608965998362,16.67608965998362,2.0
683,635550,218850,635500,218800,3,63552188,8.0,8.376097061938008,8.376097061938008,1.0
684,635550,218950,635500,218900,3,63552189,8.0,8.376097061938008,8.376097061938008,1.0
685,635550,219050,635550,219000,3,63552190,10.0,10.752194123876016,5.376097061938008,1.2
687,635550,219150,635555,219115,3,63552191,8.0,8.376097061938008,8.376097061938008,1.0
688,635750,214850,635780,214890,3,63572148,8.0,8.275643205629603,8.275643205629603,1.0
689,635750,214950,635791,214929,3,63572149,8.0,8.275643205629603,8.275643205629603,1.0
690,635950,218050,635981,218036,3,63592180,24.0,25.128291185814025,12.564145592907012,3.0
693,635950,218150,635950,218150,3,63592181,10.0,10.275643205629603,10.275643205629603,1.0
694,636050,217350,636050,217350,3,63602173,10.0,10.275643205629603,10.275643205629603,1.0
695,636150,217450,636150,217450,3,63612174,10.0,10.275643205629603,10.275643205629603,1.0
696,636150,250850,636109,250870,3,63612508,8.0,8.223096415244505,8.223096415244505,1.0
697,636250,250950,636200,250950,3,63622509,8.0,8.223096415244505,8.223096415244505,1.0
698,636850,220250,636800,220200,3,63682202,16.0,16.721554277748737,16.721554277748737,2.0
700,636950,220250,636916,220287,3,63692202,8.0,8.360777138874369,8.360777138874369,1.0
701,636950,241950,636900,241950,3,63692419,16.0,16.61760791822959,16.61760791822959,2.0
703,637050,220350,637020,220315,3,63702203,8.0,8.360777138874369,8.360777138874369,1.0
704,637050,220450,637068,220449,3,63702204,8.0,8.360777138874369,8.360777138874369,1.0
705,637050,255650,637010,255620,3,63702556,8.0,8.208811022198446,8.208811022198446,1.0
706,637050,255750,637000,255700,3,63702557,8.0,8.208811022198446,8.208811022198446,1.0
707,637150,255450,637140,255460,3,63712554,8.0,8.208811022198446,8.208811022198446,1.0
708,637550,238950,637571,238977,3,63752389,16.0,16.61760791822959,16.61760791822959,2.0
710,637550,239050,637500,239000,3,63752390,16.0,16.61760791822959,16.61760791822959,2.0
713,639250,247350,639250,247350,3,63922473,10.0,10.255610901721624,10.255610901721624,1.0
714,639350,247350,639300,247300,3,63932473,6.0,6.511221803443247,6.511221803443247,0.4
716,639650,243950,639650,243950,3,63962439,10.0,10.290455453700417,10.290455453700417,1.0
717,639650,266150,639630,266150,3,63962661,8.0,8.35591903869877,8.35591903869877,1.0
718,639750,244050,639750,244050,3,63972440,10.0,10.290455453700417,10.290455453700417,1.0
719,639750,244150,639750,244150,3,63972441,10.0,10.290455453700417,10.290455453700417,1.0
721,640250,266650,640200,266650,3,64022666,8.0,8.35591903869877,8.35591903869877,1.0
722,641750,265450,641780,265490,3,64172654,18.0,18.703553911023146,9.351776955511573,2.0
724,641750,265550,641750,265550,3,64172655,10.0,10.319482715742353,10.319482715742353,1.0
725,641850,250350,641884,250370,3,64182503,8.0,8.290455453700417,8.290455453700417,1.0
726,642450,248750,642435,248796,3,64242487,8.0,8.290455453700417,8.290455453700417,1.0
727,642950,261950,642976,261989,3,64292619,16.0,16.703553911023146,16.703553911023146,2.0
729,644950,221650,644900,221600,3,64492216,8.0,8.300846349001338,8.300846349001338,1.0
730,644950,221750,644900,221700,3,64492217,8.0,8.300846349001338,8.300846349001338,1.0
731,644950,253050,644984,253070,3,64492530,8.0,8.24422301044256,8.24422301044256,1.0
732,645050,221650,645050,221650,3,64502216,8.0,8.300846349001338,8.300846349001338,1.0
733,645150,221550,645197,221599,3,64512215,8.0,8.300846349001338,8.300846349001338,1.0
734,645150,221650,645170,221650,3,64512216,16.0,16.601692698002676,16.601692698002676,2.0
736,645250,221550,645212,221524,3,64522215,8.0,8.300846349001338,8.300846349001338,1.0
737,646450,237150,646400,237150,3,64642371,24.0,24.891167755899723,24.891167755899723,3.0
740,646550,237150,646530,237140,3,64652371,8.0,8.29705591863324,8.29705591863324,1.0
741,646650,238750,646600,238700,3,64662387,16.0,16.59411183726648,16.59411183726648,2.0
743,647350,212550,647315,212558,3,64732125,8.0,8.326885309845293,8.326885309845293,1.0
744,647350,212650,647300,212630,3,64732126,16.0,16.653770619690587,16.653770619690587,2.0
746,647550,176350,647500,176300,3,64751763,8.0,8.328861432544988,8.328861432544988,1.0
747,649750,248850,649750,248850,3,64972488,24.0,24.73266903132768,24.73266903132768,3.0
750,649950,234250,649985,234210,3,64992342,16.0,16.59411183726648,16.59411183726648,2.0
752,649950,234350,649900,234300,3,64992343,16.0,16.59411183726648,16.59411183726648,2.0
754,649950,234450,649900,234400,3,64992344,7.0,7.29705591863324,7.29705591863324,1.0
755,651950,238250,651980,238220,3,65192382,8.0,8.302188220273615,8.302188220273615,1.0
756,652950,250150,652941,250171,3,65292501,8.0,8.24422301044256,8.24422301044256,1.0
757,653550,256050,653550,256050,3,65352560,10.0,10.24533531312809,10.24533531312809,1.0
758,653650,248650,653600,248650,3,65362486,16.0,16.48844602088512,16.48844602088512,2.0
760,653650,256050,653650,256050,3,65362560,10.0,10.24533531312809,10.24533531312809,1.0
761,653750,252150,653789,252198,3,65372521,16.0,16.49067062625618,16.49067062625618,2.0
763,653750,252550,653794,252536,3,65372525,24.0,24.73600593938427,24.73600593938427,3.0
766,653850,247150,653800,247150,3,65382471,24.0,24.73266903132768,24.73266903132768,3.0
769,653850,252250,653850,252250,3,65382522,16.0,16.49067062625618,16.49067062625618,2.0
771,653850,256050,653800,256050,3,65382560,24.0,24.73600593938427,24.73600593938427,3.0
774,653950,177150,653900,177190,3,65391771,8.0,8.311787171196023,8.311787171196023,1.0
775,653950,245450,653937,245434,3,65392454,16.0,16.48844602088512,16.48844602088512,2.0
777,653950,252250,653900,252200,3,65392522,24.0,24.73600593938427,24.73600593938427,3.0
780,654050,177150,654005,177195,3,65401771,8.0,8.311787171196023,8.311787171196023,1.0
781,654150,177050,654138,177000,3,65411770,8.0,8.311787171196023,8.311787171196023,1.0
782,654250,249750,654276,249721,3,65422497,8.0,8.24422301044256,8.24422301044256,1.0
783,654250,249850,654200,249800,3,65422498,16.0,16.48844602088512,16.48844602088512,2.0
785,654650,269550,654650,269550,3,65462695,6.0,6.280083026464686,6.280083026464686,1.0
786,655050,250750,655050,250750,3,65502507,10.0,10.307156142443135,10.307156142443135,1.0
787,655650,253450,655635,253434,3,65562534,8.0,8.27719486937051,8.27719486937051,1.0
788,656650,174650,656600,174680,3,65661746,8.0,8.311787171196023,8.311787171196023,1.0
789,656650,265050,656630,265018,3,65662650,8.0,8.29701831711857,8.29701831711857,1.0
790,656650,272550,656600,272550,3,65662725,24.0,25.00365222324658,25.00365222324658,3.0
793,656750,174650,656738,174663,3,65671746,8.0,8.311787171196023,8.311787171196023,1.0
794,656850,265250,656850,265250,3,65682652,16.0,16.59403663423714,16.59403663423714,2.0
796,658650,272050,658600,272000,3,65862720,16.0,16.52767178458919,16.52767178458919,2.0
798,658750,253550,658750,253550,3,65872535,10.0,10.27719486937051,10.27719486937051,1.0
799,658950,254550,658950,254550,3,65892545,10.0,10.27719486937051,10.27719486937051,1.0
800,658950,254650,658950,254650,3,65892546,10.0,10.27719486937051,10.27719486937051,1.0
801,659350,252150,659350,252150,3,65932521,8.0,8.27719486937051,8.27719486937051,1.0
802,659550,268050,659550,268050,3,65952680,10.0,10.29701831711857,10.29701831711857,1.0
803,659550,268150,659550,268150,3,65952681,10.0,10.29701831711857,10.29701831711857,1.0
804,659950,255950,659950,255950,3,65992559,10.0,10.27719486937051,10.27719486937051,1.0
805,660050,263450,660020,263400,3,66002634,24.0,24.891054951355706,24.891054951355706,3.0
808,660150,255850,660150,255850,3,66012558,10.0,10.334369718966908,10.334369718966908,1.0
809,660150,255950,660150,255950,3,66012559,10.0,10.334369718966908,10.334369718966908,1.0
810,660150,257150,660130,257130,3,66012571,26.0,27.003109156900724,13.501554578450362,3.0
813,660150,257250,660150,257250,3,66012572,10.0,10.334369718966908,10.334369718966908,1.0
815,660250,213150,660250,213150,3,66022131,10.0,10.340174555161685,10.340174555161685,1.0
816,660250,257150,660250,257150,3,66022571,10.0,10.334369718966908,10.334369718966908,1.0
817,660250,257250,660250,257250,3,66022572,10.0,10.334369718966908,10.334369718966908,1.0
818,660350,255850,660350,255850,3,66032558,10.0,10.334369718966908,10.334369718966908,1.0
819,660350,256050,660350,256050,3,66032560,10.0,10.334369718966908,10.334369718966908,1.0
820,660350,257350,660350,257350,3,66032573,10.0,10.334369718966908,10.334369718966908,1.0
821,660350,269550,660300,269500,3,66032695,8.0,8.263835892294596,8.263835892294596,1.0
822,660450,197950,660400,197900,3,66041979,8.0,8.342652199768972,8.342652199768972,1.0
823,660450,255950,660450,255950,3,66042559,10.0,10.334369718966908,10.334369718966908,1.0
824,660650,260250,660650,260250,3,66062602,10.0,10.334369718966908,10.334369718966908,1.0
825,660650,260350,660600,260350,3,66062603,26.0,27.003109156900724,13.501554578450362,3.0
828,660750,255950,660750,255950,3,66072559,10.0,10.334369718966908,10.334369718966908,1.0
829,660750,264950,660700,264900,3,66072649,18.0,18.59403663423714,9.29701831711857,2.0
831,660750,265050,660750,265050,3,66072650,10.0,10.29701831711857,10.29701831711857,1.0
832,660850,264950,660850,264950,3,66082649,10.0,10.29701831711857,10.29701831711857,1.0
833,660850,265050,660895,265000,3,66082650,18.0,18.59403663423714,9.29701831711857,2.0
835,661050,210350,661018,210351,3,66102103,8.0,8.358851394492293,8.358851394492293,1.0
836,661150,210450,661153,210443,3,66112104,8.0,8.389096636629558,8.389096636629558,1.0
837,661250,210550,661299,210583,3,66122105,8.0,8.389096636629558,8.389096636629558,1.0
838,661250,267250,661250,267250,3,66122672,10.0,10.29701831711857,10.29701831711857,1.0
839,661350,210550,661305,210557,3,66132105,8.0,8.389096636629558,8.389096636629558,1.0
840,661350,210650,661350,210650,3,66132106,16.0,16.778193273259117,16.778193273259117,2.0
842,663050,224450,663062,224460,3,66302244,16.0,16.601011660215157,16.601011660215157,2.0
844,663050,224550,663080,224553,3,66302245,8.0,8.300505830107578,8.300505830107578,1.0
845,663150,224550,663100,224550,3,66312245,8.0,8.300505830107578,8.300505830107578,1.0
846,664050,251150,664094,251177,3,66402511,8.0,8.28706079173433,8.28706079173433,1.0
847,664150,251150,664150,251100,3,66412511,8.0,8.28706079173433,8.28706079173433,1.0
848,664450,249750,664450,249750,3,66442497,16.0,16.57412158346866,16.57412158346866,2.0
850,664450,250050,664450,250050,3,66442500,10.0,10.28706079173433,10.28706079173433,1.0
851,665050,206850,665031,206832,3,66502068,16.0,16.734627594751522,16.734627594751522,2.0
853,665150,198650,665182,198618,3,66511986,8.0,8.286734781410582,8.286734781410582,1.0
854,665150,206850,665100,206800,3,66512068,16.0,16.734627594751522,16.734627594751522,2.0
856,665250,268450,665250,268400,3,66522684,16.0,16.69639636005279,16.69639636005279,2.0
858,665250,268550,665250,268500,3,66522685,8.0,8.348198180026396,8.348198180026396,1.0
859,665350,268650,665300,268600,3,66532686,8.0,8.348198180026396,8.348198180026396,1.0
861,665450,268550,665400,268500,3,66542685,24.0,25.04459454007919,25.04459454007919,3.0
867,665750,268550,665700,268500,3,66572685,8.0,9.044594540079185,9.044594540079185,0.6000000000000001
870,665950,198050,665985,198090,3,66591980,8.0,8.286734781410582,8.286734781410582,1.0
871,665950,268550,665950,268525,3,66592685,27.0,28.392792720105582,14.196396360052791,3.2
876,667050,221650,667090,221645,3,66702216,24.0,25.148193055283052,25.148193055283052,3.0
879,667050,222350,667035,222300,3,66702223,16.0,16.765462036855368,16.765462036855368,2.0
881,667150,221850,667100,221850,3,66712218,24.0,25.148193055283052,25.148193055283052,3.0
884,667150,222150,667163,222183,3,66712221,8.0,8.382731018427684,8.382731018427684,1.0
885,668150,256350,668105,256374,3,66812563,8.0,8.298405479804513,8.298405479804513,1.0
886,668250,256150,668250,256100,3,66822561,24.0,24.895216439413538,24.895216439413538,3.0
889,668250,256250,668200,256200,3,66822562,16.0,16.596810959609027,16.596810959609027,2.0
891,668250,256350,668250,256350,3,66822563,24.0,24.895216439413538,24.895216439413538,3.0
895,668350,268450,668340,268455,3,66832684,24.0,24.705125084863006,24.705125084863006,3.0
898,668350,268550,668375,268505,3,66832685,8.0,8.235041694954335,8.235041694954335,1.0
899,668350,268650,668345,268630,3,66832686,8.0,8.235041694954335,8.235041694954335,1.0
900,668450,268450,668495,268483,3,66842684,8.0,8.235041694954335,8.235041694954335,1.0
901,668450,268550,668488,268506,3,66842685,8.0,8.235041694954335,8.235041694954335,1.0
902,668450,268650,668400,268650,3,66842686,24.0,24.705125084863006,24.705125084863006,3.0
905,668550,268550,668580,268560,3,66852685,24.0,24.705125084863006,24.705125084863006,3.0
908,668650,255850,668670,255830,3,66862558,16.0,16.596810959609027,16.596810959609027,2.0
910,668850,255850,668850,255850,3,66882558,10.0,10.298405479804513,10.298405479804513,1.0
912,673250,236050,673250,236050,3,67322360,10.0,10.32516254434706,10.32516254434706,1.0
913,673250,236150,673200,236100,3,67322361,44.0,45.6258127217353,22.81290636086765,5.0
918,673350,236150,673350,236150,3,67332361,10.0,10.32516254434706,10.32516254434706,1.0
919,673950,233150,673926,233173,3,67392331,24.0,24.852489891794235,24.852489891794235,3.0
922,673950,233250,673900,233250,3,67392332,24.0,24.852489891794235,24.852489891794235,3.0
925,674050,234050,674030,234030,3,67402340,16.0,16.65032508869412,16.65032508869412,2.0
928,674150,233850,674100,233800,3,67412338,24.0,24.975487633041183,24.975487633041183,3.0
931,674450,232750,674450,232750,3,67442327,10.0,10.284163297264746,10.284163297264746,1.0
932,674650,231350,674650,231375,3,67462313,16.0,16.69218702251197,16.69218702251197,2.0
934,674650,231550,674665,231500,3,67462315,8.0,8.346093511255985,8.346093511255985,1.0
935,675650,268950,675660,268921,3,67562689,34.0,35.64529186468034,8.911322966170085,3.8000000000000003
942,675850,269050,675847,269065,3,67582690,8.0,8.235041694954335,8.235041694954335,1.0
943,676050,268950,676000,268990,3,67602689,8.0,8.235041694954335,8.235041694954335,1.0
945,676150,268550,676120,268534,3,67612685,8.0,8.235041694954335,8.235041694954335,1.0
946,676150,268650,676100,268650,3,67612686,24.0,24.705125084863006,24.705125084863006,3.0
949,676150,269050,676150,269050,3,67612690,10.0,10.235041694954335,10.235041694954335,1.0
950,676350,268850,676350,268850,3,67632688,10.0,10.235041694954335,10.235041694954335,1.0
951,676350,281250,676350,281250,3,67632812,10.0,10.24717068317625,10.24717068317625,1.0
952,676350,281350,676334,281352,3,67632813,16.0,16.4943413663525,16.4943413663525,2.0
955,676450,281350,676450,281350,3,67642813,10.0,10.24717068317625,10.24717068317625,1.0
956,676450,281450,676450,281450,3,67642814,10.0,10.24717068317625,10.24717068317625,1.0
957,676650,281450,676619,281458,3,67662814,8.0,8.24717068317625,8.24717068317625,1.0
958,677050,282650,677085,282667,3,67702826,8.0,8.24717068317625,8.24717068317625,1.0
959,677350,229550,677375,229535,3,67732295,8.0,8.284163297264746,8.284163297264746,1.0
960,677350,229650,677350,229650,3,67732296,10.0,10.284163297264746,10.284163297264746,1.0
961,677350,229750,677389,229781,3,67732297,8.0,8.284163297264746,8.284163297264746,1.0
962,677750,229350,677720,229380,3,67772293,8.0,8.284163297264746,8.284163297264746,1.0
963,677750,229550,677700,229500,3,67772295,16.0,16.56832659452949,16.56832659452949,2.0
965,678050,267450,678050,267450,3,67802674,10.0,10.234686767254152,10.234686767254152,1.0
967,678050,267650,678050,267650,3,67802676,10.0,10.234686767254152,10.234686767254152,1.0
968,678050,268750,678080,268760,3,67802687,8.0,8.234686767254152,8.234686767254152,1.0
969,678150,267050,678150,267050,3,67812670,10.0,10.234686767254152,10.234686767254152,1.0
970,678150,267350,678150,267350,3,67812673,10.0,10.234686767254152,10.234686767254152,1.0
971,678150,267650,678124,267607,3,67812676,18.0,18.469373534508303,9.234686767254152,2.0
973,678150,268150,678150,268150,3,67812681,10.0,10.234686767254152,10.234686767254152,1.0
974,678150,268850,678134,268879,3,67812688,19.0,19.704060301762453,9.852030150881227,2.2
977,678250,266950,678217,266991,3,67822669,24.0,24.704060301762453,24.704060301762453,3.0
980,678250,267250,678200,267200,3,67822672,8.0,8.234686767254152,8.234686767254152,1.0
981,678350,267250,678350,267250,3,67832672,10.0,10.234686767254152,10.234686767254152,1.0
982,678350,267850,678350,267850,3,67832678,10.0,10.234686767254152,10.234686767254152,1.0
983,678350,268150,678350,268150,3,67832681,10.0,10.234686767254152,10.234686767254152,1.0
984,678350,268550,678300,268500,3,67832685,24.0,24.704060301762453,24.704060301762453,3.0
987,678450,267250,678496,267231,3,67842672,19.0,19.704060301762453,9.852030150881227,2.2
990,678450,267750,678450,267700,3,67842677,8.0,8.234686767254152,8.234686767254152,1.0
991,678450,267950,678487,267965,3,67842679,8.0,8.234686767254152,8.234686767254152,1.0
992,678450,268050,678450,268050,3,67842680,10.0,10.234686767254152,10.234686767254152,1.0
993,678550,267350,678550,267350,3,67852673,10.0,10.234686767254152,10.234686767254152,1.0
994,678550,267750,678550,267750,3,67852677,10.0,10.234686767254152,10.234686767254152,1.0
995,678550,268050,678500,268000,3,67852680,34.0,34.93874706901661,17.469373534508303,4.0
999,680350,286650,680350,286650,3,68032866,8.0,8.24717068317625,8.24717068317625,1.0
1000,680350,286750,680320,286783,3,68032867,8.0,8.24717068317625,8.24717068317625,1.0
1001,680450,244450,680427,244435,3,68042444,8.0,8.213058458724069,8.213058458724069,1.0
1002,680650,271450,680600,271400,3,68062714,7.0,7.711261531456193,7.711261531456193,0.6000000000000001
1006,680650,271850,680650,271850,3,68062718,10.0,10.237087177152064,10.237087177152064,1.0
1007,680650,271950,680650,271900,3,68062719,8.0,8.711261531456193,8.711261531456193,0.6000000000000001
1010,680650,272150,680666,272166,3,68062721,8.0,8.237087177152064,8.237087177152064,1.0
1011,680750,272750,680750,272750,3,68072727,10.0,10.237087177152064,10.237087177152064,1.0
1012,680850,271550,680850,271550,3,68082715,11.0,11.948348708608258,11.948348708608258,0.8
1016,680850,271650,680875,271625,3,68082716,14.0,14.711261531456193,7.355630765728097,1.4
1019,680850,272550,680800,272500,3,68082725,8.0,8.237087177152064,8.237087177152064,1.0
1020,680950,271750,680907,271782,3,68092717,28.0,29.659610240064445,7.414902560016111,3.0
1027,680950,271850,680960,271820,3,68092718,11.0,11.948348708608258,11.948348708608258,0.8
1032,681850,267150,681844,267122,3,68182671,11.0,11.469373534508303,5.734686767254152,1.2
1034,681850,267350,681888,267349,3,68182673,8.0,8.234686767254152,8.234686767254152,1.0
1035,681950,267050,681900,267075,3,68192670,8.0,8.234686767254152,8.234686767254152,1.0
1036,681950,267350,681931,267335,3,68192673,24.0,24.704060301762453,24.704060301762453,3.0
1039,682050,267150,682050,267190,3,68202671,16.0,16.469373534508303,16.469373534508303,2.0
1041,682050,267250,682000,267250,3,68202672,8.0,8.234686767254152,8.234686767254152,1.0
1042,683650,274750,683699,274750,3,68362747,24.0,24.711261531456195,24.711261531456195,3.0
1045,684950,228850,684933,228895,3,68492288,8.0,8.268148372562228,8.268148372562228,1.0
1046,685750,227150,685794,227127,3,68572271,16.0,16.536296745124456,16.536296745124456,2.0
1048,685850,229750,685810,229729,3,68582297,8.0,8.333160621761659,8.333160621761659,1.0
1049,685850,282750,685850,282750,3,68582827,10.0,10.24717068317625,10.24717068317625,1.0
1050,685950,282750,685950,282750,3,68592827,10.0,10.24717068317625,10.24717068317625,1.0
1051,686050,225250,686050,225250,3,68602252,10.0,10.268148372562228,10.268148372562228,1.0
1052,686150,225550,686135,225582,3,68612255,8.0,8.268148372562228,8.268148372562228,1.0
1053,686150,229650,686163,229604,3,68612296,16.0,16.539984918082585,16.539984918082585,2.0
1055,686250,225650,686200,225648,3,68622256,8.0,8.268148372562228,8.268148372562228,1.0
1056,686250,229650,686230,229650,3,68622296,16.0,16.539984918082585,16.539984918082585,2.0
1058,686250,229750,686270,229700,3,68622297,18.0,18.80997737712388,9.40498868856194,2.2
1061,686250,229850,686200,229800,3,68622298,24.0,24.80997737712388,24.80997737712388,3.0
1064,686350,225350,686328,225325,3,68632253,8.0,8.268148372562228,8.268148372562228,1.0
1065,686850,206250,686888,206241,3,68682062,8.0,8.273966062504808,8.273966062504808,1.0
1066,686950,228850,686913,228860,3,68692288,8.0,8.269992459041292,8.269992459041292,1.0
1067,687050,228950,687000,228900,3,68702289,16.0,16.539984918082585,16.539984918082585,2.0
1069,687250,228150,687250,228150,3,68722281,10.0,10.269992459041292,10.269992459041292,1.0
1070,687250,228350,687280,228375,3,68722283,16.0,16.539984918082585,16.539984918082585,2.0
1072,687350,228150,687350,228150,3,68732281,26.0,26.80997737712388,13.40498868856194,3.0
1075,687350,228250,687300,228200,3,68732282,16.0,16.539984918082585,16.539984918082585,2.0
1077,687450,228250,687450,228250,3,68742282,10.0,10.269992459041292,10.269992459041292,1.0
1078,687450,228550,687400,228500,3,68742285,16.0,16.539984918082585,16.539984918082585,2.0
1080,687950,260850,687950,260850,3,68792608,18.0,18.669522497154155,9.334761248577077,2.2
1083,689250,254250,689239,254237,3,68922542,8.0,8.217236597485412,8.217236597485412,1.0
1084,689250,277350,689250,277375,3,68922773,26.0,26.88575716776657,13.442878583883285,3.0
1087,689750,192050,689706,192084,3,68971920,8.0,8.348921078323935,8.348921078323935,1.0
1088,689750,209050,689700,209075,3,68972090,8.0,8.262060633525705,8.262060633525705,1.0
1089,689750,209150,689700,209100,3,68972091,8.0,8.262060633525705,8.262060633525705,1.0
1090,689850,192150,689824,192132,3,68981921,8.0,8.348921078323935,8.348921078323935,1.0
1091,689950,205850,689930,205880,3,68992058,8.0,8.299262381454163,8.299262381454163,1.0
1092,689950,207650,689977,207669,3,68992076,8.0,8.262060633525705,8.262060633525705,1.0
1093,689950,274750,689950,274750,3,68992747,10.0,10.26702970855401,10.26702970855401,1.0
1094,689950,275150,689950,275150,3,68992751,10.0,10.26702970855401,10.26702970855401,1.0
1095,690050,207650,690000,207694,3,69002076,8.0,8.262060633525705,8.262060633525705,1.0
1096,690050,207750,690000,207760,3,69002077,8.0,8.262060633525705,8.262060633525705,1.0
1097,690050,274550,690050,274550,3,69002745,10.0,10.26702970855401,10.26702970855401,1.0
1098,690050,274850,690050,274850,3,69002748,10.0,10.26702970855401,10.26702970855401,1.0
1099,690150,274750,690150,274700,3,69012747,8.0,8.26702970855401,8.26702970855401,1.0
1100,690150,274950,690150,274950,3,69012749,10.0,10.26702970855401,10.26702970855401,1.0
1101,690250,205850,690260,205895,3,69022058,8.0,8.299262381454163,8.299262381454163,1.0
1102,690250,274550,690200,274500,3,69022745,24.0,24.801089125662028,24.801089125662028,3.0
1105,690250,274650,690250,274650,3,69022746,10.0,10.26702970855401,10.26702970855401,1.0
1106,690250,274750,690250,274700,3,69022747,8.0,8.26702970855401,8.26702970855401,1.0
1107,690250,274850,690250,274850,3,69022748,10.0,10.26702970855401,10.26702970855401,1.0
1108,690450,205850,690400,205800,3,69042058,8.0,8.299262381454163,8.299262381454163,1.0
1109,691650,127550,691674,127575,3,69161275,10.0,10.265978293790003,10.265978293790003,1.0
1110,691750,206450,691750,206450,3,69172064,8.0,8.299262381454163,8.299262381454163,1.0
1111,692450,285550,692402,285574,3,69242855,8.0,8.285441255512124,8.285441255512124,1.0
1112,692550,285450,692530,285495,3,69252854,8.0,8.285441255512124,8.285441255512124,1.0
1114,693350,290950,693373,290932,3,69332909,30.0,31.259457115259515,15.629728557629758,4.0
1118,693450,289450,693400,289485,3,69342894,24.0,24.85632376653637,24.85632376653637,3.0
1121,693450,290850,693423,290836,3,69342908,8.0,8.314864278814879,8.314864278814879,1.0
1122,693450,290950,693424,290929,3,69342909,11.0,11.629728557629758,5.814864278814879,1.2
1124,693750,289350,693713,289368,3,69372893,16.0,16.629728557629758,16.629728557629758,2.0
1126,694050,281850,694050,281850,3,69402818,10.0,10.30560348877617,10.30560348877617,1.0
1127,694050,281950,694010,281993,3,69402819,26.0,26.916810466328506,13.458405233164253,3.0
1130,694050,282050,694050,282070,3,69402820,26.0,26.916810466328506,13.458405233164253,3.0
1133,694050,282150,694050,282150,3,69402821,10.0,10.30560348877617,10.30560348877617,1.0
1134,694150,260350,694150,260330,3,69412603,8.0,8.25915279626406,8.25915279626406,1.0
1135,694250,281950,694200,281920,3,69422819,8.0,8.30560348877617,8.30560348877617,1.0
1136,694350,282050,694300,282000,3,69432820,8.0,8.30560348877617,8.30560348877617,1.0
1137,695350,278650,695350,278650,3,69532786,8.0,8.30560348877617,8.30560348877617,1.0
1138,695550,282650,695530,282655,3,69552826,8.0,8.30560348877617,8.30560348877617,1.0
1139,695750,243650,695785,243619,3,69572436,8.0,8.264616536468363,8.264616536468363,1.0
1140,695850,243550,695810,243590,3,69582435,8.0,8.264616536468363,8.264616536468363,1.0
1141,695850,248750,695800,248700,3,69582487,8.0,8.250440840993631,8.250440840993631,1.0
1142,696850,247750,696863,247783,3,69682477,24.0,24.751322522980892,24.751322522980892,3.0
1145,697250,282250,697250,282250,3,69722822,10.0,10.292752057818259,10.292752057818259,1.0
1146,697350,282450,697386,282478,3,69732824,8.0,8.292752057818259,8.292752057818259,1.0
1147,698650,281150,698650,281150,3,69862811,8.0,8.292752057818259,8.292752057818259,1.0
1148,698750,281150,698719,281178,3,69872811,8.0,8.292752057818259,8.292752057818259,1.0
1149,699450,241150,699446,241121,3,69942411,8.0,8.264616536468363,8.264616536468363,1.0
1150,699450,241250,699476,241292,3,69942412,8.0,8.264616536468363,8.264616536468363,1.0
1151,699550,241150,699500,241100,3,69952411,24.0,24.79384960940509,24.79384960940509,3.0
1154,699850,272050,699850,272050,3,69982720,10.0,10.311609630635136,10.311609630635136,1.0
1155,700050,259350,700000,259300,3,70002593,16.0,16.65716309998378,16.65716309998378,2.0
1157,701150,278350,701141,278362,3,70112783,15.0,16.17100823127304,5.390336077091013,1.6
1161,701450,275150,701480,275110,3,70142751,16.0,16.585504115636517,16.585504115636517,2.0
1163,706750,278450,706779,278494,3,70672784,16.0,16.612735786123164,16.612735786123164,2.0
1165,707350,278050,707388,278090,3,70732780,18.0,18.612735786123164,9.306367893061582,2.0
1167,707850,272150,707833,272196,3,70782721,16.0,16.577431741154257,16.577431741154257,2.0
1169,707950,271950,707950,271900,3,70792719,16.0,16.577431741154257,16.577431741154257,2.0
1171,707950,272050,707920,272010,3,70792720,16.0,16.577431741154257,16.577431741154257,2.0
1174,708550,233750,708580,233745,3,70852337,8.0,8.312702605379101,8.312702605379101,1.0
1175,708950,272450,708900,272400,3,70892724,16.0,16.577431741154257,16.577431741154257,2.0
1177,709350,261950,709300,261900,3,70932619,16.0,16.635809627582987,16.635809627582987,2.0
1179,709750,263750,709725,263750,3,70972637,16.0,16.635809627582987,16.635809627582987,2.0
1181,709850,262550,709850,262570,3,70982625,16.0,16.635809627582987,16.635809627582987,2.0
1183,710250,228550,710200,228500,3,71022285,8.0,8.263464702543894,8.263464702543894,1.0
1184,711350,228350,711360,228316,3,71132283,8.0,8.263464702543894,8.263464702543894,1.0
1185,711550,228350,711500,228350,3,71152283,8.0,8.263464702543894,8.263464702543894,1.0
1186,711850,228450,711835,228494,3,71182284,8.0,8.323790493955913,8.323790493955913,1.0
1187,712550,260150,712500,260120,3,71252601,8.0,8.317904813791493,8.317904813791493,1.0
1188,712750,228150,712720,228140,3,71272281,8.0,8.323790493955913,8.323790493955913,1.0
1189,713150,227650,713100,227650,3,71312276,8.0,8.323790493955913,8.323790493955913,1.0
1190,713250,230150,713254,230156,3,71322301,8.0,8.263464702543894,8.263464702543894,1.0
1191,713350,230150,713318,230190,3,71332301,8.0,8.263464702543894,8.263464702543894,1.0
1192,713450,230250,713416,230225,3,71342302,8.0,8.340766466151116,8.340766466151116,1.0
1193,713650,230250,713600,230200,3,71362302,8.0,8.263464702543894,8.263464702543894,1.0
1194,713750,230250,713750,230276,3,71372302,8.0,8.263464702543894,8.263464702543894,1.0
1197,717250,233450,717259,233415,3,71722334,8.0,8.326188251531308,8.326188251531308,1.0
1199,717350,233350,717324,233342,3,71732333,8.0,8.326188251531308,8.326188251531308,1.0
1200,717450,233350,717440,233345,3,71742333,8.0,8.326188251531308,8.326188251531308,1.0
1201,718250,137850,718250,137850,3,71821378,10.0,10.320979858011786,10.320979858011786,1.0
1203,720250,253250,720275,253238,3,72022532,16.0,16.587442142128154,16.587442142128154,2.0
1205,720350,231650,720328,231677,3,72032316,8.0,8.329962100053947,8.329962100053947,1.0
1207,720350,253350,720350,253350,3,72032533,16.0,16.587442142128154,16.587442142128154,2.0
1209,720350,253450,720362,253493,3,72032534,8.0,8.293721071064077,8.293721071064077,1.0
1210,720450,253250,720402,253272,3,72042532,8.0,8.293721071064077,8.293721071064077,1.0
1211,720850,253750,720800,253750,3,72082537,16.0,16.587442142128154,16.587442142128154,2.0
1213,720850,253850,720875,253875,3,72082538,10.0,10.587442142128154,5.293721071064077,1.2
1215,720950,253650,720900,253600,3,72092536,16.0,16.587442142128154,16.587442142128154,2.0
1217,720950,253850,720960,253850,3,72092538,26.0,26.88116321319223,13.440581606596115,3.0
1220,721150,253750,721197,253729,3,72112537,8.0,8.293721071064077,8.293721071064077,1.0
1221,721150,254050,721111,254042,3,72112540,16.0,16.587442142128154,16.587442142128154,2.0
1223,721250,253950,721200,253900,3,72122539,8.0,8.293721071064077,8.293721071064077,1.0
1224,721650,211050,721635,211087,3,72162110,8.0,8.308880451943907,8.308880451943907,1.0
1226,721950,278150,721950,278180,3,72192781,8.0,8.310807682410784,8.310807682410784,1.0
1227,721950,278250,721967,278266,3,72192782,18.0,18.62161536482157,9.310807682410784,2.0
1232,723350,256750,723358,256750,3,72332567,8.0,8.293721071064077,8.293721071064077,1.0
1233,723450,256750,723400,256790,3,72342567,8.0,8.293721071064077,8.293721071064077,1.0
1234,723650,248450,723650,248450,3,72362484,8.0,8.278341170471927,8.278341170471927,1.0
1236,723750,256450,723750,256450,3,72372564,10.0,10.293721071064077,10.293721071064077,1.0
1237,724150,250250,724166,250292,3,72412502,8.0,8.332872928176796,8.332872928176796,1.0
1238,724150,251650,724185,251667,3,72412516,16.0,16.714079953909675,16.714079953909675,2.0
1240,724450,253250,724450,253235,3,72442532,8.0,8.357039976954837,8.357039976954837,1.0
1241,724750,253250,724715,253275,3,72472532,24.0,25.071119930864512,25.071119930864512,3.0
1244,724750,253350,724780,253330,3,72472533,16.0,16.714079953909675,16.714079953909675,2.0
1246,725350,219850,725370,219815,3,72532198,8.0,8.317027081291116,8.317027081291116,1.0
1247,725450,219850,725460,219800,3,72542198,8.0,8.317027081291116,8.317027081291116,1.0
1248,725650,219950,725677,219906,3,72562199,8.0,8.317027081291116,8.317027081291116,1.0
1249,726450,265050,726431,265095,3,72642650,8.0,8.349359246502122,8.349359246502122,1.0
1250,726550,265050,726510,265090,3,72652650,16.0,16.698718493004243,16.698718493004243,2.0
1252,727450,247850,727490,247830,3,72742478,8.0,8.332872928176796,8.332872928176796,1.0
1253,727550,247850,727543,247899,3,72752478,8.0,8.332872928176796,8.332872928176796,1.0
1254,727750,247950,727700,247900,3,72772479,8.0,8.332872928176796,8.332872928176796,1.0
1255,727950,268450,727905,268419,3,72792684,8.0,8.349359246502122,8.349359246502122,1.0
1256,728450,268650,728450,268650,3,72842686,10.0,10.349359246502122,10.349359246502122,1.0
1257,728550,268550,728500,268500,3,72852685,16.0,16.698718493004243,16.698718493004243,2.0
1259,728550,268850,728501,268820,3,72852688,16.0,16.698718493004243,16.698718493004243,2.0
1261,729450,271650,729486,271659,3,72942716,16.0,16.62161536482157,16.62161536482157,2.0
1263,733850,252350,733894,252348,3,73382523,8.0,8.323942518470407,8.323942518470407,1.0
1264,733950,258550,733970,258587,3,73392585,8.0,8.335631018753167,8.335631018753167,1.0
1265,734050,249050,734080,249050,3,73402490,8.0,8.324575094321073,8.324575094321073,1.0
1266,734050,249150,734060,249155,3,73402491,8.0,8.324575094321073,8.324575094321073,1.0
1267,734150,249050,734150,249050,3,73412490,8.0,8.324575094321073,8.324575094321073,1.0
1268,734150,249250,734150,249250,3,73412492,10.0,10.324575094321073,10.324575094321073,1.0
1269,734150,252250,734100,252280,3,73412522,8.0,8.323942518470407,8.323942518470407,1.0
1270,735050,263150,735087,263188,3,73502631,8.0,8.348019331172486,8.348019331172486,1.0
1271,735050,263250,735060,263240,3,73502632,8.0,8.348019331172486,8.348019331172486,1.0
1272,735050,263350,735050,263350,3,73502633,10.0,10.348019331172486,10.348019331172486,1.0
1273,735150,263250,735138,263292,3,73512632,8.0,8.348019331172486,8.348019331172486,1.0
1274,736550,182550,736550,182550,3,73651825,6.0,6.286054979997949,6.286054979997949,1.0
1275,736750,182650,736750,182650,3,73671826,6.0,6.286054979997949,6.286054979997949,1.0
1276,737150,256950,737125,256991,3,73712569,8.0,8.335631018753167,8.335631018753167,1.0
1277,745150,247250,745100,247210,3,74512472,16.0,16.713859875601454,16.713859875601454,2.0
1279,747450,257550,747400,257500,3,74742575,8.0,8.390603963436238,8.390603963436238,1.0
1280,747550,257350,747530,257380,3,74752573,8.0,8.390603963436238,8.390603963436238,1.0
1281,748150,215550,748120,215575,3,74812155,8.0,8.28628487991078,8.28628487991078,1.0
1282,748150,215650,748140,215625,3,74812156,8.0,8.28628487991078,8.28628487991078,1.0
1283,748250,215550,748236,215596,3,74822155,8.0,8.28628487991078,8.28628487991078,1.0
1284,748350,215550,748318,215546,3,74832155,8.0,8.28628487991078,8.28628487991078,1.0
1285,748450,215550,748431,215598,3,74842155,8.0,8.28628487991078,8.28628487991078,1.0
1286,750550,257850,750502,257885,3,75052578,8.0,8.366826898816084,8.366826898816084,1.0
1287,750850,258250,750871,258212,3,75082582,8.0,8.366826898816084,8.366826898816084,1.0
1288,750950,258550,750920,258505,3,75092585,8.0,8.366826898816084,8.366826898816084,1.0
1290,752750,261050,752700,261000,3,75272610,8.0,8.366826898816084,8.366826898816084,1.0
1291,752850,261050,752809,261061,3,75282610,8.0,8.366826898816084,8.366826898816084,1.0
1292,753150,225050,753173,225006,3,75312250,8.0,8.315497367297567,8.315497367297567,1.0
1293,754650,223050,754640,223070,3,75462230,8.0,8.326865831877495,8.326865831877495,1.0
1294,754650,223150,754610,223180,3,75462231,8.0,8.326865831877495,8.326865831877495,1.0
1295,755750,211950,755718,211992,3,75572119,8.0,8.372152353882901,8.372152353882901,1.0
1296,758150,237750,758110,237709,3,75812377,8.0,8.25946625845017,8.25946625845017,1.0
1297,758250,237950,758232,237981,3,75822379,8.0,8.25946625845017,8.25946625845017,1.0
1298,759650,239550,759620,239560,3,75962395,8.0,8.344249492372573,8.344249492372573,1.0
1299,759650,242550,759678,242584,3,75962425,8.0,8.295989374475056,8.295989374475056,1.0
1300,759750,242550,759722,242560,3,75972425,8.0,8.295989374475056,8.295989374475056,1.0
1301,760150,201250,760164,201232,3,76012012,8.0,8.29341417941784,8.29341417941784,1.0
1302,760250,243550,760200,243500,3,76022435,8.0,8.295989374475056,8.295989374475056,1.0
1303,760350,202350,760350,202350,3,76032023,10.0,10.29341417941784,10.29341417941784,1.0
1304,760350,202550,760350,202550,3,76032025,10.0,10.29341417941784,10.29341417941784,1.0
1305,760350,243750,760305,243702,3,76032437,8.0,8.295989374475056,8.295989374475056,1.0
1306,760550,243650,760550,243650,3,76052436,8.0,8.295989374475056,8.295989374475056,1.0
1307,760750,206350,760788,206348,3,76072063,8.0,8.349267056108118,8.349267056108118,1.0
1310,764550,252450,764544,252471,3,76452524,8.0,8.308526772893137,8.308526772893137,1.0
1311,764650,252550,764600,252530,3,76462525,8.0,8.308526772893137,8.308526772893137,1.0
1312,764750,252450,764780,252491,3,76472524,8.0,8.308526772893137,8.308526772893137,1.0
1313,791350,148750,791350,148750,3,79131487,10.0,10.264506681310635,10.264506681310635,1.0
1316,822850,188850,822875,188875,3,82281888,7.0,7.664238473871917,7.664238473871917,0.6000000000000001
